,url,text,title
0,https://khabarfarsi.com/u/123439763,"رئیس ستاد هفته بازخوانی و افشای حقوق بشرآمریکایی گفت: بیشترین خسارت دیدگان جنگ در دنیا از سوی آمریکا بوده اند اما این کشور مدافع حقوق بشر در دنیا شده است و علیه کشورهای دیگر دادگاه حقوق بشری تشکیل می دهد. ... ادامه خبر

سایر خبرها

روزنامه سراسری سایه ۱۴۰۱/۰۳/۲۴ - ۰۱:۰۱ + ۳۶ سایت دیگر پاسخ ایران به قطعنامه قاطع و متناسب بود ها موضوع حقوق بشر را به یک ابزار سیاسی تبدیل کرده اند. سخنگوی وزارت امور خارجه درمورد آخرین وضعیت آقای اسدی گفت؛ دستگیری آقای اسدی دیپلمات ایران در بلژیک نقض فاحش قرارداد وین در سال 1961 است. با دستور رئیس جمهوری شکایت حقوقی برای آزادی آقای اسدی در مجامع بین المللی انجام شد. دولت بلژیک نقض عهد و بدعت خطرناکی را انجام دادند و بدون قید و شرط باید آقای اسدی آزاد کند و درخصوص دستگیری وی اعاده حیثیت ...

دیار میرزا ۱۴۰۱/۰۳/۲۳ - ۲۳:۰۴ + ۲۰ سایت دیگر احمدی نژاد به زلنسکی نامه نوشت | حمله به اوکراین چهره خودکامه و خشن پوتین را به نمایش گذاشت مرگمان در مقابله با تجاوز، ظلم، دفاع از آزادی و عدالت، اصلاح وضع جهان، برپایی نظمی انسانی و صیانت از خاک وطن و حفاظت از ناموسمان باشد. از خداوند منان برای همه ملت ها و به ویژه ملت اوکراین، سلامتی، عزت، موفقیت، امنیت، رفاه و رفع فقر، ناامنی، تجاوز، جنگ و رفع ستم از همه ملت ها به ویژه ملت های فلسطین، سوریه، یمن و افغانستان و برای جنابعالی موفقیت در انجام رسالت مهم دفاع از مردم و سرزمین مادری مسئلت دارم. محمود احمدی نژاد رییس جمهور پیشین ایران ...

آفتاب نیوز ۱۴۰۱/۰۳/۲۳ - ۱۱:۵۰ + ۱۱ سایت دیگر خطیب زاده: گروسی در زمان غلط با افراد غلط دیدار کرد| پاسخ اسرائیل را در جای خودش می دهیم آفتاب نیوز : سخنگوی وزارت امور خارجه کشورمان با بیان اینکه در روز سه شنبه وزیر خارجه پاکستان به تهران سفر خواهد کرد، گفت: رئیس جمهور ترکمنستان نیز به زودی به ایران سفر خواهد کرد و رئیس مجلس ارمنستان نیز در این هفته عازم تهران خواهد بود. سخنگوی وزارت خارجه کشورمان صبح روز دوشنبه در نشست هفتگی خود با خبرنگاران داخلی و خارجی که بیش از یک ساعت به طول کشید در پاسخ به سوالی در ارت ...

ایران اکونومیست ۱۴۰۱/۰۳/۲۳ - ۱۰:۲۷ + ۸ سایت دیگر جلال زاده: نرسیدن به موقع دارو به بیماران ایرانی فقط یک مورد نقض حقوق بشر در ایران است شهید آلوده است، کم مانده جمهوری اسلامی را به نقض حقوق بشر متهم کند. این هفته یک هفته یادآوری است. جلال زاده در پایان از همه دستگاه ها به خاطر رعایت ماموریت ملی و دینی تشکر و اظهار کرد: ما باید از خودمان دفاع کنیم. دفاع یعنی افشا کردن چهره عریان آمریکا. ما باید گروه های همداستان با آمریکا را به مردم بشناسانیم. ...

ایرنا ۱۴۰۱/۰۳/۲۲ - ۱۶:۲۳ + ۳ سایت دیگر کرونا در خدمت تشدید نقض حقوق بشر در آمریکا اولیه انسانی قربانیان نادیده گرفته شده و این جنایات مورد بازخواست قرار نگرفته است. در گزارش مرکز پژوهش های مجلس بیان شده: بنا به آمار و ارقام سازمان ملل در حال حاضر 82.4 میلیون نفر به دلیل جنگ، آزار و اذیت، خشونت، نقض حقوق بشر یا بروز اختلال در کشورشان به اجبار جابه جا شده اند. گزارش ها حاکی از این است که تا سال 2021 و قبل از خارج شدن کامل نظامیان آمریکا از افغانستان حدود 36 میلیون نفر بر ...

ایسنا ۱۴۰۱/۰۳/۲۳ - ۱۶:۵۱ بایدن با دیدار با بن سلمان ""مشروعیت"" خودش را تقویت می کند عفو زندانیان را دارد. او باید برای پایان دادن به این بی عدالتی هر کاری که می تواند انجام دهد. او باید با کنگره برای اصلاح سیستم قضایی که حقوق بشر بسیاری از مردم را نقض می کند، همکاری کند. سرانجام، طبق مقاله رویترز در 28 ژوئن 2021، دادگاه عالی ایالات متحده دادخواست شکنجه زندانی ابوغریب را رد کرد و به سه زندانی سابق ابوغریب اجازه داد که از پیمانکار به دلیل شکنجه آنها شکایت کنند. بعد از ...

ایسنا ۱۴۰۱/۰۳/۲۳ - ۱۵:۳۳ + ۲ سایت دیگر بایدن با دیدار با بن سلمان ""مشروعیت"" خودش را تقویت می کند عفو زندانیان را دارد. او باید برای پایان دادن به این بی عدالتی هر کاری که می تواند انجام دهد. او باید با کنگره برای اصلاح سیستم قضایی که حقوق بشر بسیاری از مردم را نقض می کند، همکاری کند. سرانجام، طبق مقاله رویترز در 28 ژوئن 2021، دادگاه عالی ایالات متحده دادخواست شکنجه زندانی ابوغریب را رد کرد و به سه زندانی سابق ابوغریب اجازه داد که از پیمانکار به دلیل شکنجه آنها شکایت کنند. بعد از ...

خبرگزاری دانشجو ۱۴۰۱/۰۳/۲۳ - ۱۰:۳۰ + ۳ سایت دیگر تشریح برنامه های هفته بازخوانی و افشای حقوق بشر آمریکایی به گزارش گروه سیاسی خبرگزاری دانشجو، سومین جلسه ستاد هفته بازخوانی و افشای حقوق بشر آمریکایی صبح امروز با حضور وحید جلال زاده رئیس این ستاد و جمعی از روسا و نمایندگان نهاد ها و دستگاه های عضو ستاد مذکور در شورای هماهنگی تبلیغات اسلامی برگزار شد. چهره اصلی امریکا آن چیزی نیست که در سینما و رسانه ها نشان داده می شود جلال زاده رئیس ستاد هفته بازخوانی و افشای حقوق بشر آمریکایی ...

شهرآٰرا نیوز ۱۴۰۱/۰۳/۲۳ - ۱۳:۳۷ + ۱ سایت دیگر خطیب زاده: سفر وزیر خارجه پاکستان به ایران| سال هاست برجام برای ایران کار نکرده| ملاقات گروسی با افراد ... واقعی چقدر ناتوان هستند و تا چه حد اقدامات آن ها بی اساس است که چنین کارزار های ضد اطلاعاتی را در فضای رسانه ای انجام می دهند. سخنگوی دستگاه دیپلماسی درخصوص سفر کمیسیونر عالی حقوق بشر به چین گفت: ما از سفر کمیسیونر عالی حقوق بشر به چین استقبال می کنیم. تصور می کنیم که پاسخ این اقدام سازنده چین باید نگاه غیر سیاسی به موضوع حقوق بشر و مراودات کمیسیونر عالی حقوق بشر با این کشور باشد. متاس ...

فکر شهر ۱۴۰۱/۰۳/۲۳ - ۱۲:۰۴ + ۲۲ سایت دیگر خطیب زاده در پاسخ به سوالی در مورد حمله پهپادی در اربیل: پاسخ به اسرائیل در جای خودش و نه در کشورهای ... ...: سعید خطیب زاده سخنگوی دستگاه دیپلماسی امروز (دوشنبه) 23 خرداد ماه در نشست هفتگی با خبرنگاران به تشریح آخرین تحولات در حوزه سیاست خارجی پرداخت و به سؤالات خبرنگاران پاسخ داد. به گزارش فکرشهر به نقل از انتخاب، وی به رفت و آمدهای هفته های اخیر در حوزه بین المللی و منطقه ای و دوجانبه پرداخت. خطیب زاده در پاسخ به سؤالی درباره اظهارات یکی از مقامات ترکیه در خصوص منشاء ...

ایسنا ۱۴۰۱/۰۳/۲۳ - ۱۳:۵۹ + ۲۱ سایت دیگر توافق وین در دسترس است اگر.../ تلاش داریم از سلاح دلار در اقتصاد بین الملل فاصله بگیریم م بین الملل به منصه ظهور گذاشته است. وی افزود: این رژیم جعلی تا کنون از هیچ تلاشی فروگذار نکرده که ساختارهای حقوق بین الملل را به سخره بگیرد و ابراز کند و همه را با چک سفیدامضای برخی از کشورهای مدعی انجام داده است. خطیب زاده ادامه داد: جای تاسف است که مدیرکل آژانس به عنوان کارگزار آژانس این ساختار را در اختیار چنین رژیم قانونگریزی قرار داده است یعنی توسط کارگزار، ساختار را به ...

رویداد 24 ۱۴۰۱/۰۳/۲۳ - ۱۲:۲۲ + ۱۲ سایت دیگر مدیرکل آژانس فراتر از وظایف خودشان اظهاراتی را مطرح می کند/سفر لاوروف به ایران انجام خواهد شد رویداد24 به گزارش خبرنگار ایلنا، سعید خطیب زاده در نشست خبری صبح امروز خود ضمن گرامیداشت میلاد امام رضا (ع) و پس از ارائه گاهشمار دستگاه دیپلماسی در هفته گذشته، در پاسخ به این سوال که تحرکات دیپلماتیکی در تهران در جریان است، ارزیابی شما از این تحرکات دیپلماتیک چیست، گفت: هفته گذشته سفر آقای امیرعبداللهیان را ب هند داشتیم که با مقامات دیدار داشتند. ایشان همچنین دیدار های خوبی با تجار ایرانی مقیم ...

خبرگزاری فارس ۱۴۰۱/۰۳/۲۳ - ۱۰:۰۶ + ۲ سایت دیگر تشریح برنامه های هفته بازخوانی و افشای حقوق بشر آمریکایی به گزارش خبرنگار سیاسی خبرگزاری فارس، سومین جلسه ستاد هفته بازخوانی و افشای حقوق بشر آمریکایی صبح امروز با حضور وحید جلال زاده رئیس این ستاد و جمعی از روسا و نمایندگان نهادها و دستگاه های عضو ستاد مذکور در شورای هماهنگی تبلیغات اسلامی برگزار شد. * چهره اصلی امریکا آن چیزی نیست که در سینما و رسانه ها نشان داده می شود جلال زاده رئیس ستاد هفته بازخوانی و افشای حقوق بشر آمریکایی ...

شبستان ۱۴۰۱/۰۳/۲۳ - ۱۰:۱۹ + ۴ سایت دیگر سومین جلسه ستاد ""هفته بازخوانی و افشای حقوق بشر آمریکایی"" برگزار شد سرویس : سیاسی - سایر حوزه ها زمان : شناسه خبر : 1185230 به گزارش خبرگزاری شبستان، سومین جلسه ستاد “هفته بازخوانی و افشای حقوق بشر آمریکایی و بزرگداشت شهدای هفتم تیر” با حضور وحید جلال زاده، رئیس کمیسیون امنیت ملی و سیاست خارجی مجلس یازدهم و حجت الاسلام والمسلمین موسی پور، نماینده ولی فقیه و رئیس شورای هماهنگی تبلیغات اسلامی در ساختمان مرکزی شورای هماهنگی تبلیغات اسلامی برگزار شد. ...

ایران پرس ۱۴۰۱/۰۳/۲۳ - ۰۹:۲۹ بزرگداشت هفتۀ بازخوانی و افشای حقوق بشر آمریکایی| پخش زنده از ایران پرس خبرگزاری ایران پرس را بر روی ماهواره Eutelsat 21B و فرکانس 11520.H. 2900 Fec: 3/4 یا روی صفحه ویژه پخش زنده در وبسایت های ایران پرس دنبال کنید؛ https://iranpress.com/live

خبرگزاری فارس ۱۴۰۱/۰۳/۲۲ - ۱۱:۳۹ + ۴ سایت دیگر هفته بازخوانی و افشای حقوق بشر آمریکایی فرصت مناسبی برای تبیین جنایات آمریکا ، پرداختن به جنایات آمریکا است که به نام حقوق بشر انجام می دهد. وی در ادامه از برپایی نمایشگاه هفته بازخوانی جنایات آمریکا در استان خبر داد و گفت: تولید محتوا در فضای مجازی و رسانه ها ، برگزاری میزگرد در دانشگاه و صدا و سیما و بیان جنایات آمریکا از تریبون نماز جمعه شهرهای استان از دیگر برنامه های این هفته است. وی خاطرنشان کرد: علی رغم جنایات صورت گرفته توسط استکبار جهانی عده ای در ...

راه ملت ۱۴۰۱/۰۳/۲۲ - ۱۱:۵۵ + ۱ سایت دیگر هفته بازخوانی و افشای حقوق بشر آمریکایی فرصت مغتنمی است برای تبیین جنایات آمریکا به گزارش راه ملت از یاسوج، حجت الاسلام سید جواد خاضع در نشست ستاد برگزاری هفته بازخوانی و افشای حقوق بشر آمریکایی افزود: پس از پیروزی انقلاب اسلامی که منجر به قطع دست متجاوز استکبار جهانی از حاکمیت و منافع ایران شد، آمریکا و حامیان و عوامل داخلی و خارجی اش از آن زمان تاکنون برای از بین بردن و به شکست کشاندن نظام جمهوری اسلامی به انحاء مختلف دست به اقدام و جنایت زدند، از به راه انداختن جنگ تحمیلی ...

دانا ۱۴۰۱/۰۳/۲۲ - ۱۲:۵۶ + ۱ سایت دیگر ضرورت تبیین جنایت های ضد حقوق بشری آمریکا برای جوانان به گزارش شبکه اطلاع رسانی راه دانا ؛به نقل از صبح زاگرس خاضع رییس شورای هماهنگی تبلیغات اسلامی استان امروز در جلسه ستاد برنامه ریزی افشای حقوق بشر آمریکایی گفت: از 6 تا 12 تیرماه سال 60 تا 66 و از اوایل انقلاب تا کنون اتفاقات و حوادث تلخ و جنایت های زیادی علیه ایران انجام شده است. پیروزی انقلاب اسلامی باعث قطع منافع آمریکا در ایران شد به همین دلیل به دنبال نابودی نظام انقلاب اسلامی به ...

ایرنا ۱۴۰۱/۰۳/۲۲ - ۱۳:۰۶ + ۲ سایت دیگر تشریح جنایتهای آمریکا علیه ایران جزو مصادیق جهاد تبیین است قشرهای مختلف مردم به ویژه نسل جوان کشور و کهگیلویه و بویراحمد است. رییس شورای هماهنگی تبلیغات اسلامی کهگیلویه و بویراحمد بیان کرد: آمریکا بزرگترین نقض کننده حقوق بشر بوده و جنایت های آن علیه ایران نیز تاکنون متعدد است. حجت الاسلام خاضع عنوان کرد: تمامی این جنایت ها یا به طور مستقیم از سوی آمریکا و یا با حمایت همه جانبه آن انجام شده است. وی ابراز داشت: انجام جنایت ...

پیام فوری ۱۴۰۱/۰۳/۲۲ - ۱۱:۴۱ + ۲ سایت دیگر حقوق بشر؛ بازی یک بام و دو هوای ایالات متحده در قبال چین ناتو علیه مردم لیبی صورت می داد، بهره جست. نمونه اخیر این وضعیت نیز در جریان درگیری روسیه با اوکراین قابل مشاهده است، زمانی که آمریکا و سیاستمداران واشنگتن برای متوقف کردن پیشروی ارتش روسیه، مدام به پرونده هایی استناد می کنند که ارتش روسیه را به نقض حقوق بشر در مناطق اشغال شده اوکراین متهم می کند. درخصوص چین نیز وضعیت به همین گونه است. ایالات متحده آمریکا هژمون در حال افول است. موضوعی که ...

خبرگزاری دفاع مقدس ۱۴۰۱/۰۳/۲۲ - ۲۰:۲۵ + ۱ سایت دیگر مراسم بزرگداشت شهدای هفتم تیر در کرمان برگزار می شود به گزارش دفاع پرس از کرمان، حسین انجم شعاع رئیس شورای هماهنگی تبلیغات اسلامی استان کرمان عصرامروز در جلسه ستاد بزرگداشت هفت تیر سالگرد شهادت آیت الله بهشتی و هفته افشای حقوق بشر آمریکایی با بیان اینکه در سال 1360 منافقین آیت الله بهشتی و 72 نفر از بهترین یاران امام و انقلاب اسلامی را ترور کردند اظهار داشت: آیت الله بهشتی از ستون های انقلاب اسلامی بود و برای به ثمر نشستن و تثبیت انقلاب اسلامی ...

خبرگزاری صدا و سیما ۱۴۰۱/۰۳/۲۲ - ۱۶:۰۵ + ۱ سایت دیگر افشای پرونده حقوق بشر آمریکایی را با غیرت انقلابی و ملی به گزارش خبرگزاری صدا و سیما مرکز کهگیلویه و بویراحمد ، رئیس شورای هماهنگی تبلیغات اسلامی این استان در جلسه تشریح برنامه های هفته حقوق بشر آمریکایی در کهگیلویه و بویراحمد، گفت: از ششم تا دوازدهم تیرماه به عنوان هفته بازخوانی و افشای حقوق بشر آمریکایی نامگذاری شده است و باید از این فرصت برای روشنگری و بصیرت افزایی در میان مردم استفاده کرد. حجت السلام خاضع با اشاره به اینکه ابتکار مقام معظم ...

خبرگزاری تسنیم ۱۴۰۱/۰۳/۲۲ - ۱۶:۳۷ آگاهی جوانان از علت شعار ""مرگ بر آمریکا"" در برنامه های هفته بازخوانی و افشای حقوق بشر آمریکایی لحاظ شود از 70 شبکه ماهواره ای علیه مردم ایران، همین طور ترور دانشمند هسته ای ما شهید احسان قدبیگی که اخیرا به شهادت رسیده، استکبار است بنابراین جوانان باید از این موضوعات آگاهی داشته باشند و علت شعار مرگ بر آمریکا را بدانند. مهجوری با اشاره به پیشنهاداتی در خصوص هفته بازخوانی و افشای حقوق بشر آمریکایی عنوان کرد: فضاسازی محیطی و شهری توسط شهرداری هرساله توسط شهرداری و شورای هماهنگی تبلیغات ...

الف ۱۴۰۱/۰۳/۲۲ - ۱۲:۲۶ + ۸ سایت دیگر سخنان بایدن نقض شد/ رئیس جمهوری آمریکا ماه آینده به عربستان می رود جمهوری آمریکا در کنگره از ایده دیدار وی با بن سلمان انتقاد کردند. آدام شیف نماینده دموکرات ایالت کالیفرنیا هفته گذشته با اشاره به ولیعهد عربستان گفت: تا زمانی که عربستان سعودی در زمینه حقوق بشر خود تغییری اساسی ایجاد نکند، من نمی خواهم کاری با او داشته باشم. مقامات آمریکایی اذعان کردند که آنها باید با عربستان بر سر چالش های جهانی از جمله افزایش قیمت های نفت و مساله ایران همکاری و روابط دو جانبه را تقویت کنند. قیمت سراسری بنزین در ایالات متحده از 5 دلار در هر گالن عبور کرده و فشارهای سیاسی را بر بایدن بمنظور یافتن راهی جهت کاهش قیمت ها افزایش داده است. ...

ایسنا ۱۴۰۱/۰۳/۲۲ - ۱۱:۲۳ + ۳ سایت دیگر کمک ترکیه به رژیم صهیونیستی برای مقابله با حملات انتقام جویانه ایران دست قهرمان ملی و بین المللی مبارزه با تروریسم سردار سرافراز شهید سلیمانی منکوب گردید، خود همواره قربانی تروریسم دولتی و عوامل کوردل تروریست در سایه سنگین سکوت همراه با حمایت برخی مدعیان دروغین مبارزه با تروریسم و دفاع از حقوق بشر می باشد. او افزود: بی تردید وزارت امور خارجه جمهوری اسلامی ایران ظرفیت های سیاسی، حقوقی و بین المللی خود را برای پیگیری پرونده جنایت ترور آن شهید عزیز، به منظور تعقیب، مجازات و محکومیت تروریست های جنایتکار و پاسخگو نمودن عاملان، آمران و حامیان تروریست ها به کار خواهد بست. انتهای پیام ...

خبرگزاری تسنیم ۱۴۰۱/۰۳/۲۲ - ۱۵:۲۳ چهار نفر از شهدای 7 تیر متعلق به استان مرکزی است تبلیغات اسلامی استان مرکزی عنوان کرد: برگزاری این جلسه در راستای انجام همین وظیفه الهی و مناسبت های مهم پیش رو از 6 تیرماه تا 12 تیرماه است که به عنوان هفته بازخوانی و افشای حقوق بشر آمریکایی توسط مقام معظم رهبری نام گذاری شد و به چند مورد از این مناسبت ها می پردازیم. خلیلی افزود: نخستین موضوع و حادثه بسیار مهمی که در 6 تیرماه اتفاق افتاد ترور نافرجام مقام معظم رهبری بود که اراده خداوند ...

وزارت فرهنگ و ارشاد اسلامی ۱۴۰۱/۰۳/۲۲ - ۲۲:۴۸ + ۸ سایت دیگر افتخار مسجدی ها حرکت در مسیر ولایت است/ در جهاد تبیین از مسجدی ها انتظار بیشتری می رود همان نقش را ایفا کند، چنان که تا کنون هم ایفا کرده است و در فراز و نشیب های بعد از انقلاب هر جا لازم بوده، مسجدی ها در دفاع از ارزش های اسلام و نظام به میدان آمده اند مثل جریان 9 دی که مسجدی ها در خط مقدم قرار داشتند و امروز همین وظیفه را در مقابله با جنگ نرم دشمن دارند. رئیس ستاد بزرگداشت دهه کرامت اضافه کرد: اقتضای کار مسجد و هیئت ارتباط چهره به چهره است، باید بپذیریم در مقام تبیین ...

خبرگزاری دانشجو ۱۴۰۱/۰۳/۲۲ - ۱۴:۴۱ + ۱۲ سایت دیگر علم الهدی: در دانشگاه های ایران و ونزوئلا به روی هم باز شود / مادورو: دانشمندان را از بین می برند تا ... دیدار درباره امپریالیسم آمریکایی، اطلاعات دروغ و دستکاری شده غرب که با واقعیت موجود همخوانی ندارد، گفتگو شد و ما به این نتیجه رسیدیم که ما نیز قطعاً باید فراتر از دروغ های رسانه ای برویم و اشتراکات خود را تقویت کنیم. فلورس دی مادورو اطلاعات ارائه شده در جلسه با چهره های علمی ایران را موید قوی بودن جمهوری اسلامی در زمینه علم و فناوری برشمرد و تصریح کرد: از کمپین های رسانه ای علیه ایران ...

ایرنا ۱۴۰۱/۰۳/۲۲ - ۱۵:۰۱ + ۴ سایت دیگر تفاوت جیسون رضاییان و شیرین ابوعاقله برای آمریکا چیست؟ کوزوو مشغول فعالیت بود. وی در سال 2001 هم به عضویت کمیسیون تحقیق حقوق بشر برای سرزمین های فلسطین که توسط سازمان ملل تشکیل شد، در آمد. فالک همچنین به عنوان وکیل اتیوپی و لیبریا در پرونده جنوب غربی آفریقا در دادگاه بین المللی دادگستری انجام وظیفه کرد. فالک از سال 2008 برای یک دوره 6 ساله به عنوان گزارشگر ویژه سازمان ملل در مورد حقوق بشر فلسطین فعالیت کرد. این استاد حقوق بین ...",بیشترین خسارت دیدگان جنگ در دنیا از سوی آمریکا بوده اند
1,https://khabarfarsi.com/u/123439745,"تهران- ایرنا-عضو کمیسیون امنیت ملی و سیاست خارجی مجلس گفت:تصمیم ایران برای افزایش ظرفیت غنی سازی و خاموش کردن برخی دوربین های فرا پادمانی اثبات می کند که ایران در مقابل قطعنامه های آژانس ساکت نخواهد نشست. ... ادامه خبر

سایر خبرها

دیپلماسی ایرانی ۱۴۰۱/۰۳/۲۳ - ۰۶:۱۱ + ۵ سایت دیگر تنش با آژانس، فرصت یا تهدید؟ بعد از صدور قطعنامه شورای حکام آژانس در انتقاد از ایران، دولت رئیسی ضمن محکوم کردن قطعنامه مذکور آن را حرکت سیاسی قلمداد کرده و در واکنش به آن تعدادی از دوربین های آژانس در مراکز هسته ای کشور را خاموش نمود. علاوه بر این اقدام عده ای از مسئولین طی سلسله موضع گیری های خود وعده انجام اقدامات بیشتر را داده اند که می تواند به تنش جاری در روابط با آژانس و به تبع آن به روابط با کشورهای اروپایی بیش از ...

خبرگزاری فارس ۱۴۰۱/۰۳/۲۳ - ۲۳:۰۹ + ۴ سایت دیگر فرافکنی های جدید وزیر خارجه آمریکا درباره مذاکرات وین بین المللی انرژی اتمی اعلام کرد جمهوری اسلامی ایران در واکنش به تصویب این قطعنامه تصمیم گرفته 27 دوربین آژانس در تأسیسات هسته ای آن کشور را خاموش کند. این در حالی است که سازمان انرژی اتمی ایران روز چهارشنبه 18 خرداد اعلام کرد که دو دوربین فراپادمانی آژانس خبر داده و اعلام کرده بود فعالیت دستگاه اندازه گیری بر خط سطح غنا و فلومتر (OLEM ) متعلق به نهاد دیده بان هسته ای سازمان ملل هم قطع می ...

پارسینه ۱۴۰۱/۰۳/۲۳ - ۱۳:۵۵ + ۷ سایت دیگر بایدن تلاش های دیپلماتیک برای نهایی کردن مذاکرات وین را شدت بخشد وبگاه اوراسیا ریویو در گزارشی نوشت، کارشناسان در زمینه کنترل تسلیحات اتمی قویا از دولت بایدن می خواهند بدون فوت وقت تلاش ها برای از بین بردن وقفه در مذاکرات احیای توافق هسته ای در وین را چندبرابر کند. اوراسیا ریویو با اشاره به اقدام جبرانی ایران در پاسخ به تصویب قطعنامه ای علیه ایران در شورای حکام آژانس بین المللی انرژی اتمی و خاموش کردن دوربین های فراپادمانی آژانس در تاسیسات اتمی ...

پایگاه خبری قلم ۱۴۰۱/۰۳/۲۳ - ۱۹:۲۵ + ۱۴ سایت دیگر تجربه نشان داده قطعنامه شورای حکام ورق پاره نیست زمانی که اسرائیلی ها وارد چالش هسته ای شده اند و از هر امکانی برای ضربه زدن به برنامه هسته ای ایران و منافع منطقه ای آن استفاده می کنند، ایران روز به روز جنگ سرد با اسرائیل را بیشتر تجربه می کند. بنابراین طرفداران تولید بمب هسته ای در ایران روز به روز موضع شان در حال تقویت است به نحوی که حتی نوعی حقانیت القایی هم پشت مواضع تل آویو در حال شکل گیری است . بایدن تلاش کرد از زمان حمله صهیونیست ها به یکی ...

کیهان ۱۴۰۱/۰۳/۲۳ - ۲۳:۰۱ + ۷ سایت دیگر پایان بزن دررو آژانس و نقش نفوذی ها در صدور قطعنامه!(یادداشت میهمان) اصلاحات تحت عنوان اعتماد سازی صادر می شد. اولین آن در 29 خرداد 82 و هفتمین آن 20 مرداد 84 چهار روز قبل از پایان مأموریت روحانی در شورای عالی امنیت ملی تصویب و صادر شد و نکته طنزآمیز این بود که روحانی در زمان ریاست جمهوری اش ادعا می کرد دیگران هر وقت می رفتند مذاکره می کردند ، بعد یک قطعنامه علیه ایران صادر می شد ! اکنون نیز صدور قطعنامه جدید شورای حکام نیز نتیجه برجام و مذاکرات برجامی به عنوان گلابی و ...

اقتصاد نیوز ۱۴۰۱/۰۳/۲۳ - ۲۱:۲۱ + ۲ سایت دیگر اولویت ایران احیای برجام است یا حذف سپاه از FTO؟ از حد ارائه شده توسط طرف مقابل در مذاکرات احیای برجام که از ماه مارس متوقف شده، مقاومت می کند. وی روز یکشنبه پس از شرکت در جلسه کمیسیون امنیت ملی و سیاست خارجی مجلس برای ارائه توضیحاتی در خصوص قطعنامه شورای حکام آژانس علیه تهران گفت: هر وقت طرف مقابل در جریان [مذاکرات وین] مطالبات زیاده خواهانه را مطرح کرد، از ابزار و قدرت خود کشور استفاده کردیم تا آنها بفهمند که منافع و رفاه ملت ایران برای ما ...

رکنا ۱۴۰۱/۰۳/۲۳ - ۱۳:۰۶ بایدن در حال غرق شدن است / سیاستمداران آمریکایی تحت نفوذ شدید لابی ها هستند ادامه اظهار کرد : فکر می کنم منظور بایدن همان چیزی بود که قبلاً گفته بود. او و اکثر آمریکایی ها از رژیم سعودی متنفرند. او صادق بود، اما با توجه به جنگ در اوکراین و محدودیت های تحریم های ناتو علیه روسیه، به عنوان یک سیاستمدار، چاره ای جز التماس ندارد. ترامپ تلاش زیادی می کند که این موضع را القا کند که اگر او هنوز رئیس جمهور آمریکا بود پوتین به اوکراین حمله نمی کرد و محمد بن سلمان به حرف او ...

اقتصاد نیوز ۱۴۰۱/۰۳/۲۳ - ۱۳:۰۷ + ۶ سایت دیگر مخمصه بایدن مقابل تاکتیک های هسته ای تهران ، متوقف شد.در همین حال، مقامات می گویند، ایران عملیات غنی سازی اورانیوم را پیش برد که آن را به آستانه هسته ای نزدیک می کند. وضعیت این هفته زمانی بدتر شد که اعضای آژانس بین المللی انرژی اتمی ایران را به خاطر عدم همکاری با صدور قطعنامه مورد انتقاد قرار دادند و همانطور که تهران ویش تر هشدار داده بود در تلافی، یک روز بعد 27 دوربین آژانس را حذف کرد. بر اساس این گزارش، حامیان برجام ...

خبرگزاری تابناک ۱۴۰۱/۰۳/۲۳ - ۰۰:۰۰ + ۱ سایت دیگر نجات گروگان های آمریکایی از عراق توسط محمد علی / جنگ فالکلند؛ نبردی برای بهره برداری سیاسی / چگونه بر ... بسته ویدیویی تابناک مجموعه ای از ویدیوها پیرامون رویدادهای سیاسی عمدتاً متکی بر گزارش ها و تحلیل ها و ویدیویی هایی درباره دیگر موضوعات فرهنگی، اقتصادی و... است که تماشایش را از دست داده اید؛ نگاهی دوباره و متفاوت به آنچه در این بستر می توان فرا گرفت. نجات گروگان های آمریکایی از عراق توسط محمد علی چند ماه پیش از شروع جنگ خلیج فارس محمد علی (کلی)، بوکسور مشهور آمریکایی به عرا ...

مجلس شورای اسلامی ۱۴۰۱/۰۳/۲۳ - ۱۱:۰۶ + ۵۰ سایت دیگر رونق اقتصادی با تکیه به توان داخلی مهمترین پاسخ به قطعنامه شورای حکام/ جلوگیری از بن بست نمایی نسبت به ... به گزارش پایگاه اطلاع رسانی مجلس شورای اسلامی، دکتر محمدباقر قالیباف در نشست علنی امروز یکشنبه (22 خرداد ماه) مجلس شورای اسلامی، گفت: در ابتدا درگذشت جمعی از هموطنان را در سانحۀ تلخ و ناگوار خروج قطار مسافربری مسیر مشهد به یزد از ریل، به ملت شریف ایران و خانواده های محترم بازماندگان تسلیت می گویم و از خداوند متعال برای درگذشتگان، رحمت و مغفرت و برای مصدومین و مجروحین این حادثه، شفای عاجل مسئلت ...

آنا ۱۴۰۱/۰۳/۲۲ - ۰۹:۵۹ + ۱ سایت دیگر مالکی: صدور قطعنامه ضد ایرانی موجب از دست رفتن صلاحیت فنی آژانس شد/مصوبه کمیسیون امنیت برای محدودیت سفر ... صدور قطعنامه علیه ایران به آژانس بین المللی انرژی اتمی ضربه های جبران ناپذیر وارد کرد، تاکنون سابقه نداشته که به این صورت آژانس زیر سؤال برود و ماهیت مستقل فنی و کارشناسی را از دست بدهد. عضو کمیسیون امنیت ملی و سیاست خارجی مجلس در ادامه گفت: ایران صادقانه با آژانس همکاری داشته است، موضوع برای تمام اعضای آژانس و کشورهای دنیا و به خصوص اعضای سازمان ملل مشخص و روشن است، با این اقدام شورای ...

افکار نیوز ۱۴۰۱/۰۳/۲۳ - ۰۱:۲۰ + ۱۰ سایت دیگر قطع دوربین های آژانس، شکست آمریکا در برابر ایران را اثبات کرد اقدام اخیر تهران نتیجه سال ها نقص تعهدات برجام از سوی آمریکاست. در پی تصویب قطعنامه ضد ایرانی مورد حمایت آمریکا در شورای حکام آژانس بین المللی انرژی اتمی که چهارشنبه شب با وجود 2 رای منفی چین و روسیه، 30 رأی موافق، و 3 رأی ممتنع از سوی هند، لیبی و پاکستان به تصویب رسید، سازمان انرژی اتمی ایران در اطلاعیه ای از قطع دوربین های فراپادمانی آژانس بین المللی انرژی اتمی در یکی از مراکز هسته ای ...

روزنامه سراسری سایه ۱۴۰۱/۰۳/۲۳ - ۰۷:۰۱ انقضای سیاست چماق و هویج! . شامگاه چهارشنبه 18 خرداد (به وقت وین)، شورای حکام آژانس بین المللی انرژی اتمی، دومین قطعنامه دوسال اخیر علیه فعالیت های هسته ای ایران را صادر کرد و مدعی شد؛ جمهوری اسلامی همکاری لازم را با آژانس انجام نداشته و این نهاد عمیقاً نگران فعالیت های هسته ای ایران است. پیش نویس قطعنامه انگلیس، فرانسه، آلمان و آمریکا علیه ایران که روز سه شنبه به نشست شورای حکام آژانس بین المللی انرژی اتمی ارائه شده بود، شامگاه ...

دیپلماسی ایرانی ۱۴۰۱/۰۳/۲۲ - ۱۸:۱۱ + ۴ سایت دیگر پیروزی ایران در جنگ اورانیوم ایران با شایستگی در جنگ اورانیوم با کمیت و کیفیت لازم برای ساخت یک کلاهک اتمی حداقل در عرض چند روز و نیز کمیت و کیفیت لازم برای ساخت بمب دوم در عرض چند هفته پیروز شده است. گزارش آژانس که اکنون برای بررسی در اختیار شورای حکام قرار گرفته این نتیجه را بدست می دهد که احیای توافق هسته ای سال 2015 بهترین راه برای به تاخیر انداختن توانمندی ساخت سلاح اتمی از سوی ایران و پرهیز از به راه افتادن رقابت اتمی ...

تیتر برتر ۱۴۰۱/۰۳/۲۲ - ۱۵:۰۶ + ۳۳ سایت دیگر سرنوشت مذاکراین وین پس از قطعنامه شورای حکام چه می شود؟ و هیأت های غربی بود. نیازی نبود انگیزه موجود تضعیف شود . اولیانوف در ادامه این مصاحبه گفت: در تاریخ دهم مارس (19 اسفند) متن توافق احیای برجام تکمیل شده بود و در بحث برداشتن تحریم ها، بیش از 99 درصد توافق حاصل شده بود و چیزهای کوچکی باقی مانده بودند که می شد ظرف یکی دو روز بر سر آن ها توافق کرد . شورای حکام آژانس بین المللی انرژی اتمی روز چهارشنبه (18 خرداد/ 8 ژوئیه) قطعنامه ...

روزنامه ابتکار ۱۴۰۱/۰۳/۲۲ - ۱۷:۴۷ + ۳۸ سایت دیگر گروسی می خواهد به ایران سفر کند یک گام تا مرگ برجام سانتریفیوژهای IR1 و افزایش سرعت تولید انواع سانتریفیوژها قدم های بعدی تهران در واکنش به آنچه عدم قدردانی آژانس از همکاری های ایران نامیده شده، خواده بود. به گزارش ایلنا، قطعنامه پیشنهادی آمریکا و تروئیکای اروپایی سرانجام در ساعات پایانی روز چهارشنبه با رای 30 کشور از 35 کشور عضو شورای حکام به تصویب رسید تا فصل تازه ای از تنش در روابط تهران با آژانس بین المللی انرژی اتمی و غرب رقم بخورد؛ فصلی که ...

روزنامه ابتکار ۱۴۰۱/۰۳/۲۲ - ۱۷:۴۷ + ۳۶ سایت دیگر واکنش نمایندگان به قطعنامه شورای حکام در پی صدور قطعنامه ضد ایرانی در شورای حکام آژانس بین المللی انرژی اتمی، تعدادی از نمایندگان به این موضوع واکنش نشان دادند. پیش نویس قطعنامه انگلیس، فرانسه، آلمان و آمریکا علیه ایران روز سه شنبه هفته گذشته به نشست شورای حکام آژانس بین المللی انرژی اتمی ارائه شده بود که طبق گزارش خبرگزاری رویترز، در پیش نویس این قطعنامه آمده است: شورای حکام از ایران می خواهد که هرچه فوری برای اجرای تعهدات قانونی اش ...

کیهان ۱۴۰۱/۰۳/۲۲ - ۲۲:۳۱ + ۳۲ سایت دیگر سی ان ان: گزینه های آمریکا علیه ایران تمام شده است ، در همان دوره پس از برجام این کار را می کردند. این کش و قوس برجام تنها به طور مداوم و متناوب به اقتصاد کشورمان شوک وارد می کند و نفعی برای ما نخواهد داشت. وی گفت: در رابطه با اقدام اخیر آژانس بین المللی انرژی اتمی در صدور قطعنامه ای علیه کشورمان توجه به چند نکته لازم و ضروری است. نکته اول اینکه حق اقدام متقابل در قوانین بین المللی آمده و تجربه نیز به ما نشان داده که غربی ها این زبان را خیلی ...

صدا نیوز ۱۴۰۱/۰۳/۲۲ - ۲۲:۵۳ + ۵ سایت دیگر یک گام تا مرگ برجام اقدامات بعدی (یعنی ارجاع ایران به شورای امنیت) نشویم. این یعنی – جدا از مسئله برجام و بحث احیای قطعنامه های فصل هفتمی قبلی در صورت شکست مذاکرات وین – شورای حکام آژانس عملاً یک مسیر جدیدی برای ارجاع ایران به شورای امنیت به بهانه تعهدات پادمانی باز کرده است که از نظر حقوقی و سیاسی برای ایران اتفاق خوبی نیست. به گزارش نباءخبر،روز چهارشنبه 18 خردادماه و ساعاتی پیش از اعلام تصویب قطعنامه علیه ...

افکار نیوز ۱۴۰۱/۰۳/۲۳ - ۰۶:۲۱ + ۱۱ سایت دیگر آژانس انرژی اتمی به سازمان جاسوسی و تروریستی علیه ایران تبدیل شده است روح الله مدبر کارشناس و تحلیل گر مسائل بین الملل با اشاره به قطعنامه اخیر شورای حکام آژانس بین المللی انرژی اتمی علیه ایران با بیان اینکه می توانیم این قطعنامه غیر قانونی را در 3 بعد تحلیل کنیم، اظهار داشت: نخستین بُعد آن، ائتلاف ایران، روسیه و چین است و روسیه و چین به عنوان متحدان ما در مقابل این قطعنامه ایستادند. وی ادامه داد: پیش از این نمایندگان این کشور ها اعلام کرده بودند که ...

دنیای اقتصاد ۱۴۰۱/۰۳/۲۳ - ۰۰:۲۸ تایوان را فراموش کنید ...، جنگ بین شمال و جنوب را آغاز کرد. چین تمایلی ندارد که بار دیگر وارد جنگ داخلی مانند آن شود اما قاطعانه هر طرحی را برای استقلال تایوان را در هم خواهد شکست. اگر کسی جرات جدا کردن تایوان را داشته باشد، ما در جنگ تردید نخواهیم کرد، از هزینه آن برخواهیم آمد و تا پایان خواهیم جنگید. چین مدت هاست که می گوید در صورت لزوم، تایوان را به زور خواهد گرفت و اظهارات ژنرال وی ابهامات زیادی را ...

صمت ۱۴۰۱/۰۳/۲۳ - ۱۰:۰۱ ارز و طلا بر مدار رشد اقتصاد ایران می دانند، نه تصویب قطعنامه ضدایرانی آژانس انرژی اتمی و معتقدند اثر قطعنامه در افزایش فعلی نرخ ارز چندان چشمگیر نیست؛ بنابراین بسیاری از معامله گران نیز معتقدند با فروکش کردن جو خبری نشست شورای حکام باید منتظر ورود پرقدرت بازارساز به بازار ارز بود. صمت در این گزارش نگاهی به تاثیر قطعنامه شورای حکام علیه ایران بر وضعیت بازار ارز و سکه دارد. فلز زرد بر مدار رشد بازار ...

شبستان ۱۴۰۱/۰۳/۲۲ - ۱۹:۲۰ + ۹ سایت دیگر بررسی مشکلات برق کشاورزان و صنعتگران در پاتوق رسانه ای بسیج رسانه فارس سرویس : فارس - زمان : شناسه خبر : 1185038 به گزارش خبرنگار خبرگزاری شبستان از شیراز ، مشکلات برق کشاورزان و صنعتگران در فصل گرما با حضور نمایندگان صنفی و مدیران مربوطه در نشست پاتوق رسانه ای تبیین که به همت سازمان بسیج رسانه استان فارس و با محوریت سازمان بسیج مهندسین صنعت و معدن راه اندازی شد، بررسی شد. هادی رضایی ، در این نشست با اشاره به فرا رسیدن فصل گرما و افزایش مصرف ...

روزنامه جوان آنلاین ۱۴۰۱/۰۳/۲۲ - ۱۲:۴۷ + ۲ سایت دیگر دلایل تعویق سفر جو بایدن به عربستان سعودی/ شرط فروش نفت در تنگه هرمز چیست؟ ، ساعت پنج عصر! اما با آغاز جنگ در شرق اروپا و وقوع بحران انرژی در غرب آن؛ نوبت به تلافی شاهزاده سعودی رسید. بن سلمان معتقد بود که آمریکایی ها با خارج کردن سیستم پدافند موشکی از خاک عربستان این کشور را به شهری بی دفاع در برابر رزمندگان انصارالله بدل کرده اند. بایدن در همان آغازین روزهای جنگ در اوکراین، ریما بنت بندر بن سلطان سفیر جوان سعودی را به کاخ سفید فرا خوانده تا از ریاض بخواهد شیر ...

خبرگزاری صدا و سیما ۱۴۰۱/۰۳/۲۲ - ۱۱:۲۰ + ۲۷ سایت دیگر قطعنامه شورای حکام به سود مذاکرات دیپلماتیک نیست به گزارش خبرنگار خبرگزاری صدا وسیما، آقای قالیباف در نطق پیش از دستور جلسه علنی امروز مجلس افزود: قاطعانه از اقدامات سازمان انرژی اتمی حمایت می کنیم. رئیس مجلس شورای اسلامیاقدام آژانس بین المللی انرژی اتنمی را به سود مذاکرات ندانست و خاطر نشان کرد: ما تصویب قطعنامه علیه ایران در شورای حکام آژانس را اقدامی خصمانه و غیرسازنده می دانیم که به معنای تاثیرپذیری مستقیم آژانس هسته ای از محافل ...",ایران در برابر قطعنامه های آژانس سکوت نمی کند
